"0","knitr::opts_chunk$set(warning = FALSE, message = FALSE) "
"0","#| message: false"
"0","#| echo: false"
"0",""
"0","#### Workspace set-up ####"
"0",""
"0","#### Load packages ####"
"0","library(tidyverse)"
"0","library(knitr)"
"0","library(kableExtra)"
"0","library(here)"
"0","library(ggplot2)"
"0","library(opendatatoronto)"
"0",""
"0",""
"0","#### Read in data ####"
"0",""
"0","cleaned_data = read_csv("
"0","  file = here(""inputs/data/cleaned_data.csv""),"
"0","  show_col_types = FALSE"
"0",")"
"0","summarized_data = read_csv("
"0","  file = here(""inputs/data/summarized_data.csv""),"
"0","  show_col_types = FALSE"
"0",")"
"0","summarized_data2 = read_csv("
"0","  file = here(""inputs/data/summarized_data2.csv""),"
"0","  show_col_types = FALSE"
"0",")"
"0","summarized_data3 = read_csv("
"0","  file = here(""inputs/data/summarized_data3.csv""),"
"0","  show_col_types = FALSE"
"0",")"
