AREA_NAME,POPULATION_2023,ASSAULT_RATE_2023,BIKETHEFT_RATE_2023
Beechborough-Greenbrook,7057,1161.966797,42.51098251
University,7564,1679.005859,700.687439
Playter Estates-Danforth,7764,1365.275635,141.6795502
Woodbine-Lumsden,8141,393.072113,61.4175148
Blake-Jones,8229,984.3237305,133.6735992
Lambton Baby Point,8294,373.7641602,12.05690861
Old East York,9540,660.3773804,62.89308167
Elms-Old Rexdale,9884,617.1590576,60.70417023
Danforth,10173,1297.552368,127.7892456
Kingsway South,10257,633.713562,87.74495697
Guildwood,10332,542.0054321,19.35733604
Rustic,10404,855.4401855,NA
Thistletown-Beaumond Heights,10530,626.7806396,47.48337936
Maple Leaf,10575,472.8132324,NA
Caledonia-Fairbank,10581,595.4068604,85.05812073
Bridle Path-Sunnybrook-York Mills,10707,448.3048401,74.71747589
Rexdale-Kipling,10722,708.822998,9.326618195
Markland Wood,10741,418.9554138,9.310119629
Runnymede-Bloor West Village,10772,538.4329834,139.2499084
Bendale South,10881,753.6071777,18.38066292
Humber Heights-Westmount,11398,464.993866,8.773468971
Long Branch,11601,827.5148926,137.9191437
Cabbagetown-South St.James Town,11968,1094.585571,259.0240784
Keelesdale-Eglinton West,11969,935.7506714,16.70983315
Casa Loma,11972,467.7580872,75.17540741
Pelmo Park-Humberlea,12121,858.0150146,NA
Forest Hill South,12160,353.6184082,90.46052551
North Riverdale,12168,657.4622192,123.2741623
Broadview North,12200,663.9344482,90.1639328
New Toronto,12205,1376.485107,73.74027252
Weston-Pelham Park,12330,965.1257324,56.77210236
Princess-Rosethorn,12552,199.1714478,15.93371582
Dufferin Grove,12709,1164.529053,456.3695068
Etobicoke West Mall,12713,519.1536255,23.59789276
Forest Hill North,13172,478.287262,22.77558517
Woodbine Corridor,13282,767.956604,67.76087952
Humber Summit,13425,1229.050293,29.79515839
Alderwood,13503,325.8535156,14.81152344
Bayview Woods-Steeles,13641,439.8504639,21.99252319
Yonge-Eglinton,13743,756.7489014,116.422905
Dovercourt Village,13837,751.6080322,274.6260071
Highland Creek,13871,461.3942871,21.62785721
Yonge-St.Clair,13953,250.8421173,100.3368454
Ionview,14121,892.2880859,35.40825653
Regent Park,14166,1129.464966,190.5971985
Mount Dennis,14256,855.7800293,21.04377174
Centennial Scarborough,14609,266.9587097,NA
Wychwood,14609,609.213501,88.9862442
Palmerston-Little Italy,14699,523.8451538,224.5050659
Yonge-Bay Corridor,14731,3686.104248,1547.75647
Corso Italia-Davenport,14784,994.3181763,121.7532501
Parkwoods-O'Connor Hills,14788,649.1749878,13.52447891
North Toronto,15077,696.4249878,145.9176178
West Queen West,15136,713.5306396,277.4841309
Briar Hill-Belgravia,15146,587.6138916,33.0120163
Junction Area,15252,891.6863403,104.904274
Oakridge,15389,1397.101807,19.49444389
Greenwood-Coxwell,15400,824.675354,103.8961029
Lawrence Park North,15581,205.3783417,38.50843811
Humewood-Cedarvale,15620,345.7106323,89.62867737
Roncesvalles,15939,853.2530518,131.7523041
Avondale,16149,309.6166992,55.73100662
Taylor-Massey,16157,891.2545776,99.02828217
Humbermede,16568,959.6813354,12.07146263
Pleasant View,16732,310.7817383,65.74228668
Lawrence Park South,16778,196.686142,35.76111603
Downsview,17003,1223.313477,47.05052185
Bathurst Manor,17255,509.9971008,28.977108
Yorkdale-Glen Park,17258,1199.443726,75.32738495
Edenbridge-Humber Valley,17271,306.8728027,11.58010578
Newtonbrook East,17338,501.7879944,46.14142227
Little Portugal,17399,741.421936,97.70676422
Scarborough Village,17713,863.7723999,33.87342453
Trinity-Bellwoods,17814,780.2851563,258.223877
Lansing-Westgate,17872,497.9856873,61.54878998
Danforth East York,17883,570.3740845,22.36761093
Cliffcrest,17922,1021.09137,16.7392025
Downtown Yonge East,18023,3639.793701,1137.435547
Hillcrest Village,18076,376.1894226,11.06439495
Mount Pleasant East,18084,425.790741,71.88674927
Kennedy Park,18173,1744.345947,44.02135086
Leaside-Bennington,18185,208.9634247,65.9884491
East Willowdale,18285,262.5102539,54.68963623
Mimico-Queensway,18313,2834.052246,27.30300903
Morningside,18463,709.5271606,10.83247566
Victoria Village,18592,785.2839966,10.75731468
Brookhaven-Amesbury,18738,885.9003296,26.68374443
Bay-Cloverhill,19055,745.2112427,293.8861084
Clanton Park,19089,701.9749756,47.14757156
Malvern West,19412,479.0851135,10.30290508
Willowdale West,19546,588.3556519,30.6968174
Eringate-Centennial-West Deane,19558,460.1697388,10.22599411
Weston,19809,1226.715088,55.5303154
O'Connor-Parkview,19901,668.3081055,40.19898605
St.Andrew-Windfields,20205,287.0576477,54.44197083
North St.James Town,20492,1346.867065,200.0780792
Bendale-Glen Andrew,20773,1140.904053,48.13941193
Humber Bay Shores,20822,729.9971313,76.8418045
Kensington-Chinatown,21229,2270.479004,645.3436279
Oakdale-Beverley Heights,21503,2078.779785,55.8061676
Fort York-Liberty Village,21860,763.9524536,196.7063141
South Eglinton-Davisville,21987,459.3623657,168.28125
Moss Park,22207,2823.434082,445.8053894
West Rouge,22396,312.5558167,17.86033249
Oakwood Village,22404,499.9107361,44.6348877
Thorncliffe Park,22508,568.6867065,44.42864609
Kingsview Village-The Westway,22759,663.4738159,4.393866062
Henry Farm,22782,469.6690369,35.11544037
Fenside-Parkwoods,22909,567.4625854,30.55567741
Church-Wellesley,22938,1456.098999,444.6769409
East End-Danforth,23011,947.3729858,117.3351898
Black Creek,23047,1002.299622,21.69479752
Rosedale-Moore Park,23053,1175.552002,195.2023621
South Parkdale,23054,1405.395996,130.1292572
The Beaches,23097,489.2410278,108.2391663
Yonge-Doris,23234,447.619873,73.16863251
Birchcliffe-Cliffside,23417,892.5139771,25.62241173
Rockcliffe-Smythe,23453,767.4924316,51.16616058
Flemingdon Park,23485,711.0921631,25.54822159
East L'Amoreaux,23988,346.0063477,29.18125725
Willowridge-Martingrove-Richview,24097,510.4369812,12.44968224
Eglinton East,24231,693.3267212,66.0311203
L'Amoreaux West,24374,484.1224365,32.82185745
Englemount-Lawrence,24465,510.9339905,36.7872467
High Park North,24474,764.0761719,114.4071274
Etobicoke City Centre,25495,1208.079956,66.67974091
Bedford Park-Nortown,25583,203.2599792,27.3619194
Bayview Village,25685,533.3852539,66.18649292
Islington,25937,528.2029419,30.84396744
High Park-Swansea,26135,405.5863647,72.69944763
Junction-Wallace Emerson,26240,872.7134399,209.603653
Newtonbrook West,26265,761.4696655,76.14696503
Dorset Park,26286,829.3388062,57.06459808
Steeles,26395,185.6412201,11.36578941
Stonegate-Queensway,26728,512.571106,26.18976402
Westminster-Branson,27742,428.9524841,18.02321434
Agincourt South-Malvern West,28097,679.7879028,42.70918655
Malvern East,28098,516.0509644,21.35383224
Morningside Heights,28167,422.4801941,3.550253868
Milliken,28371,313.7006226,10.57417774
Golfdale-Cedarbrae-Woburn,28651,673.6239624,27.9222374
Clairlea-Birchmount,28782,965.8814697,27.79514885
Wellington Place,28870,1485.971558,277.104248
West Hill,29259,1514.064087,51.26627731
Don Valley Village,29424,564.1652832,23.79010391
Woburn North,29500,630.5084839,44.0677948
Tam O'Shanter-Sullivan,29770,456.8357544,53.7453804
Wexford/Maryvale,29870,870.4385376,90.39170074
York University Heights,29897,1368.030273,53.51707458
South Riverdale,30135,1124.937744,282.0640564
St Lawrence-East Bayfront-The Islands,31003,1435.344971,341.9024048
Banbury-Don Mills,31047,425.1618652,45.09292221
Agincourt North,31260,262.3160706,12.79590511
Harbourfront-CityPlace,31477,860.946106,279.5692139
Glenfield-Jane Heights,32251,1013.922058,15.50339508
Annex,34502,1147.759521,234.7689972
Mount Olive-Silverstone-Jamestown,35386,839.3150024,31.08574104
West Humber-Clairville,36388,884.9071045,27.48158646
