{"chunk_definitions":[{"row":46,"row_count":1,"visible":true,"expansion_state":0,"options":{"engine":"r","label":"setup","include":false},"document_id":"87E6E74B","chunk_id":"csetup_chunk","chunk_label":"setup"},{"row":194,"row_count":1,"visible":true,"expansion_state":0,"options":{"message":false,"echo":false,"fig-cap":"Correlation between shootings and population","engine":"r","label":"unnamed-chunk-18"},"document_id":"87E6E74B","chunk_id":"cny4h1ko5milu","chunk_label":"fig7"}],"doc_write_time":1706023949,"working_dir":null,"default_chunk_options":{"warning":false,"message":false}}